<?xml version="1.0"?>
<doc>
    <assembly>
        <name>Aardvark.Base.Essentials</name>
    </assembly>
    <members>
        <member name="M:Aardvark.Base.CameraProjectionOrtho.Zoom(Aardvark.Base.V2d,System.Double)">
            <summary>
            Scales clipping window by given factor.
            </summary>
        </member>
        <member name="P:Aardvark.Base.CameraViewRaw.ViewTrafo">
            <summary>
            Gets or sets view trafo, which transforms world space into camera space.
            
            In camera space the camera is placed at the origin looking
            down the negative z-axis, with the y-axis pointing upwards
            and the x-axis pointing to the right.
            </summary>
        </member>
        <member name="P:Aardvark.Base.CameraViewRaw.ViewTrafos">
            <summary>
            Changes of ViewTrafo.
            </summary>
        </member>
        <member name="P:Aardvark.Base.CameraViewRaw.Location">
            <summary>
            Gets or sets camera location in world space (origin in camera space).
            </summary>
        </member>
        <member name="P:Aardvark.Base.CameraViewRaw.Right">
            <summary>
            Gets or sets camera right vector in world space (+x in camera space).
            </summary>
        </member>
        <member name="P:Aardvark.Base.CameraViewRaw.Up">
            <summary>
            Gets or sets camera up vector in world space (+y in camera space).
            </summary>
        </member>
        <member name="P:Aardvark.Base.CameraViewRaw.Forward">
            <summary>
            Gets or sets camera forward direction in world space (-z in camera space).
            </summary>
        </member>
        <member name="M:Aardvark.Base.CameraViewRaw.Set(Aardvark.Base.V3d,Aardvark.Base.V3d,Aardvark.Base.V3d,Aardvark.Base.V3d)">
            <summary>
            Sets location and axes in a single transaction.
            </summary>
        </member>
        <member name="P:Aardvark.Base.CameraViewWithSky.Sky">
            <summary>
            Sky direction (normalized).
            </summary>
        </member>
        <member name="P:Aardvark.Base.CameraViewWithSky.ViewTrafo">
            <summary>
            Gets or sets view trafo, which transforms world space into camera space.
            
            In camera space the camera is placed at the origin looking
            down the negative z-axis, with the y-axis pointing upwards
            and the x-axis pointing to the right.
            </summary>
        </member>
        <member name="P:Aardvark.Base.CameraViewWithSky.ViewTrafos">
            <summary>
            Changes of ViewTrafo.
            </summary>
        </member>
        <member name="P:Aardvark.Base.CameraViewWithSky.Location">
            <summary>
            Gets or sets camera location in world space (origin in camera space).
            </summary>
        </member>
        <member name="P:Aardvark.Base.CameraViewWithSky.Right">
            <summary>
            Gets or sets camera right vector in world space (+x in camera space).
            </summary>
        </member>
        <member name="P:Aardvark.Base.CameraViewWithSky.Up">
            <summary>
            Gets or sets camera up vector in world space (+y in camera space).
            </summary>
        </member>
        <member name="P:Aardvark.Base.CameraViewWithSky.Forward">
            <summary>
            Gets or sets camera forward direction in world space (-z in camera space).
            </summary>
        </member>
        <member name="M:Aardvark.Base.CameraViewWithSky.Set(Aardvark.Base.V3d,Aardvark.Base.V3d,Aardvark.Base.V3d,Aardvark.Base.V3d)">
            <summary>
            Sets location and axes in a single transaction.
            </summary>
        </member>
        <member name="P:Aardvark.Base.ICameraProjection.ProjectionTrafo">
            <summary>
            Transforms the right-handed camera space (looking down the negative z-axis)
            to left-handed normalized device coordinates of the canonical view volume
            defined as [(-1, -1, 0), (+1, +1, +1)].
            Here the x-axis goes to the right, the y-axis goes up, and the z-axis goes
            into the viewport, with near plane mapped to z = 0 and far plane to z = 1.
            </summary>
        </member>
        <member name="P:Aardvark.Base.ICameraProjection.ProjectionTrafos">
            <summary>
            Changes of ProjectionTrafo.
            </summary>
        </member>
        <member name="M:Aardvark.Base.ICameraProjection.SetClippingParams(System.Double,System.Double,System.Double,System.Double,System.Double,System.Double)">
            <summary>
            E.g. SetClippingParams(-1, +1, -0.75, +0.75, 1.0, 1000.0)
            will create 90° horizontal field-of-view, with aspect ratio 4:3,
            near distance at 1.0, and far distance at 1000.0.
            </summary>
        </member>
        <member name="P:Aardvark.Base.ICameraProjection.Near">
            <summary>
            Gets or sets distance of near clipping plane.
            Same as 'near' argument in SetClippingParams.
            </summary>
        </member>
        <member name="P:Aardvark.Base.ICameraProjection.Far">
            <summary>
            Gets or sets distance of far clipping plane.
            Same as 'far' argument in SetClippingParams.
            </summary>
        </member>
        <member name="P:Aardvark.Base.ICameraProjection.ClippingWindow">
            <summary>
            Gets or sets clipping window on near plane [(left, bottom), (right, top)].
            Same as 'left', 'right', 'bottom', 'top' arguments in SetClippingParams.
            </summary>
        </member>
        <member name="P:Aardvark.Base.ICameraProjection.AspectRatio">
            <summary>
            Width / Height.
            </summary>
        </member>
        <member name="M:Aardvark.Base.ICameraProjectionExtensions.Unproject(Aardvark.Base.ICameraProjection,Aardvark.Base.Ndc2d)">
            <summary>
            Gets line (in camera space) from point on near plane to corresponding point on far plane.
            </summary>
        </member>
        <member name="M:Aardvark.Base.ICameraProjectionExtensions.Unproject(Aardvark.Base.ICameraProjection,Aardvark.Base.Ndc3d)">
            <summary>
            Gets point (in camera space) from point in normalized device coordinates.
            </summary>
        </member>
        <member name="M:Aardvark.Base.ICameraProjectionExtensions.UnprojectPointOnNearPlane(Aardvark.Base.ICameraProjection,Aardvark.Base.Ndc2d)">
            <summary>
            Gets point on near plane (in camera space) from point in normalized device coordinates.
            </summary>
        </member>
        <member name="M:Aardvark.Base.ICameraProjectionExtensions.UnprojectPointOnFarPlane(Aardvark.Base.ICameraProjection,Aardvark.Base.Ndc2d)">
            <summary>
            Gets point on far plane (in camera space) from point in normalized device coordinates.
            </summary>
        </member>
        <member name="M:Aardvark.Base.ICameraProjectionExtensions.TransformPos(Aardvark.Base.ICameraProjection,Aardvark.Base.V3d)">
            <summary>
            Gets normalized device coordinates from point in camera space.
            </summary>
        </member>
        <member name="M:Aardvark.Base.ICameraProjectionExtensions.Zoom(Aardvark.Base.ICameraProjection,Aardvark.Base.V2d,System.Double)">
            <summary>
            Scales clipping window by given factor.
            </summary>
        </member>
        <member name="P:Aardvark.Base.ICameraView.ViewTrafo">
            <summary>
            Gets or sets view trafo, which transforms world space into camera space.
            
            In camera space the camera is placed at the origin looking
            down the negative z-axis, with the y-axis pointing upwards
            and the x-axis pointing to the right.
            </summary>
        </member>
        <member name="P:Aardvark.Base.ICameraView.ViewTrafos">
            <summary>
            Changes of ViewTrafo.
            </summary>
        </member>
        <member name="P:Aardvark.Base.ICameraView.Location">
            <summary>
            Gets or sets camera location in world space (origin in camera space).
            </summary>
        </member>
        <member name="P:Aardvark.Base.ICameraView.Right">
            <summary>
            Gets or sets camera right vector in world space (+x in camera space).
            </summary>
        </member>
        <member name="P:Aardvark.Base.ICameraView.Up">
            <summary>
            Gets or sets camera up vector in world space (+y in camera space).
            </summary>
        </member>
        <member name="P:Aardvark.Base.ICameraView.Forward">
            <summary>
            Gets or sets camera forward direction in world space (-z in camera space).
            </summary>
        </member>
        <member name="M:Aardvark.Base.ICameraView.Set(Aardvark.Base.V3d,Aardvark.Base.V3d,Aardvark.Base.V3d,Aardvark.Base.V3d)">
            <summary>
            Sets location and axes in a single transaction.
            </summary>
        </member>
        <member name="M:Aardvark.Base.ICameraViewExtensions.LookAt(Aardvark.Base.ICameraView,Aardvark.Base.V3d)">
            <summary>
            Turns camera to look at given point p.
            </summary>
        </member>
        <member name="T:Aardvark.Base.BehaviorDragAbsolute">
            <summary>
            Behavior extension DragAbsolute.
            </summary>
        </member>
        <member name="M:Aardvark.Base.BehaviorDragAbsolute.DragAbsolute(Aardvark.Base.IBehavior,Aardvark.Base.IEvent{Aardvark.Base.V2d},Aardvark.Base.IAwaitable,System.Threading.CancellationToken)">
            <summary>
            Updates position until stopDragging completes.
            </summary>
        </member>
        <member name="T:Aardvark.Base.BehaviorDragRelative">
            <summary>
            Behavior extension DragRelative.
            </summary>
        </member>
        <member name="M:Aardvark.Base.BehaviorDragRelative.DragRelative(Aardvark.Base.IBehavior,Aardvark.Base.V2d,Aardvark.Base.IEvent{Aardvark.Base.V2d},Aardvark.Base.IAwaitable,System.Threading.CancellationToken)">
            <summary>
            Updates position until stopDragging completes.
            </summary>
        </member>
        <member name="T:Aardvark.Base.IBehaviorSplittableEdge2d">
            <summary>
            Editable edge that can be splitted.
            </summary>
        </member>
        <member name="M:Aardvark.Base.IBehaviorSplittableEdge2d.Split(Aardvark.Base.V2d)">
            <summary>
            Splits edge at position nearest to given split position.
            </summary>
        </member>
        <member name="T:Aardvark.Base.IBehaviorPosition2d">
            <summary>
            Editable object has a position in 2d.
            </summary>
        </member>
        <member name="P:Aardvark.Base.IBehaviorPosition2d.Position">
            <summary>
            Gets or sets 2d position.
            </summary>
        </member>
        <member name="T:Aardvark.Base.IBehaviorDeletable">
            <summary>
            Editable object can be deleted.
            </summary>
        </member>
        <member name="M:Aardvark.Base.IBehaviorDeletable.Delete">
            <summary>
            Deletes editable object.
            </summary>
        </member>
        <member name="T:Aardvark.Base.IBehaviorTransform2d">
            <summary>
            Editable object can be transformed in 2d.
            </summary>
        </member>
        <member name="M:Aardvark.Base.IBehaviorTransform2d.Transform(Aardvark.Base.M33d)">
            <summary>
            Transform in 2d.
            </summary>
        </member>
        <member name="T:Aardvark.Base.IBehavior">
            <summary>
            Marker interface fort all behaviors.
            </summary>
        </member>
        <member name="T:Aardvark.Base.IEditableFace2d">
            <summary>
            An editable face.
            </summary>
        </member>
        <member name="M:Aardvark.Base.IEditableFace2d.GetEditableVertex(System.Int32)">
            <summary>
            Returns index-th vertex as editable vertex.
            </summary>
        </member>
        <member name="M:Aardvark.Base.IEditableFace2d.GetEditableEdge(System.Int32)">
            <summary>
            Returns index-th edge as editable edge.
            </summary>
        </member>
        <member name="T:Aardvark.Base.IEditableSequence`1">
            <summary>
            Exposes sequence of editing steps.
            </summary>
        </member>
        <member name="P:Aardvark.Base.IEditableSequence`1.Current">
            <summary>
            Sets or gets current version of editable object.
            </summary>
        </member>
        <member name="P:Aardvark.Base.IEditableSequence`1.EditingSteps">
            <summary>
            Sequence of editing steps. 
            </summary>
        </member>
        <member name="T:Aardvark.Base.IEditableEdge2d">
            <summary>
            An editable edge.
            </summary>
        </member>
        <member name="T:Aardvark.Base.IEditableVertex2d">
            <summary>
            An editable vertex.
            </summary>
        </member>
        <member name="T:Aardvark.Base.IImmutablePolygon`1">
            <summary>
            An immutable polygon.
            </summary>
        </member>
        <member name="P:Aardvark.Base.IImmutablePolygon`1.Points">
            <summary>
            Polygon outline.
            </summary>
        </member>
        <member name="P:Aardvark.Base.IImmutablePolygon`1.Count">
            <summary>
            Gets number of vertices.
            </summary>
        </member>
        <member name="M:Aardvark.Base.IImmutablePolygon`1.AddPoint(`0)">
            <summary>
            Returns new polygon with point added. 
            </summary>
        </member>
        <member name="M:Aardvark.Base.IImmutablePolygon`1.AddPoints(System.Collections.Generic.IEnumerable{`0})">
            <summary>
            Returns new polygon with points added. 
            </summary>
        </member>
        <member name="M:Aardvark.Base.IImmutablePolygon`1.SetPoint(System.Int32,`0)">
            <summary>
            Returns new polygon with point replaced. 
            </summary>
        </member>
        <member name="M:Aardvark.Base.IImmutablePolygon`1.InsertPoint(System.Int32,`0)">
            <summary>
            Returns new polygon with point p inserted at given index. 
            </summary>
        </member>
        <member name="M:Aardvark.Base.IImmutablePolygon`1.RemovePoint(System.Int32)">
            <summary>
            Returns new polygon with point removed. 
            </summary>
        </member>
        <member name="M:Aardvark.Base.IImmutablePolygon`1.RemovePoints(System.Collections.Generic.IEnumerable{System.Int32})">
            <summary>
            Returns new polygon with points removed. 
            </summary>
        </member>
        <member name="M:Aardvark.Base.IImmutablePolygon`1.Transform``1(System.Func{`0,``0})">
            <summary>
            Returns new polygon with transformed points.
            </summary>
        </member>
        <member name="T:Aardvark.Base.IImmutablePolygonExtensions">
            <summary>
            Extensions for IImmutablePolygon(of T).
            </summary>
        </member>
        <member name="M:Aardvark.Base.IImmutablePolygonExtensions.ToPolygon2d(Aardvark.Base.IImmutablePolygon{Aardvark.Base.V2d})">
            <summary>
            Converts this IImmutablePolygon(of V2d) to a Polygon2d.
            </summary>
        </member>
        <member name="M:Aardvark.Base.IImmutablePolygonExtensions.QueryNearestVertex(Aardvark.Base.IImmutablePolygon{Aardvark.Base.V2d},Aardvark.Base.V2d)">
            <summary>
            Returns the index and distance of the polygon's closest point to the given query point.
            </summary>
        </member>
        <member name="M:Aardvark.Base.IImmutablePolygonExtensions.MovePoint(Aardvark.Base.IImmutablePolygon{Aardvark.Base.V2d},System.Int32,Aardvark.Base.V2d)">
            <summary>
            Returns new polygon with point moved. 
            </summary>
        </member>
        <member name="M:Aardvark.Base.IImmutablePolygonExtensions.TransformPoint(Aardvark.Base.IImmutablePolygon{Aardvark.Base.V2d},System.Int32,Aardvark.Base.M33d)">
            <summary>
            Returns new polygon with point transformed. 
            </summary>
        </member>
        <member name="M:Aardvark.Base.IImmutablePolygonExtensions.GetEdge(Aardvark.Base.IImmutablePolygon{Aardvark.Base.V2d},System.Int32)">
            <summary>
            Gets the index-th edge of this polygon.
            </summary>
        </member>
        <member name="M:Aardvark.Base.IImmutablePolygonExtensions.SetEdge(Aardvark.Base.IImmutablePolygon{Aardvark.Base.V2d},System.Int32,Aardvark.Base.Line2d)">
            <summary>
            Sets the index-th edge of this polygon.
            </summary>
        </member>
        <member name="M:Aardvark.Base.IImmutablePolygonExtensions.RepairIndex``1(Aardvark.Base.IImmutablePolygon{``0},System.Int32)">
            <summary>
            Maps arbitrary index into valid range.
            </summary>
        </member>
        <member name="M:Aardvark.Base.IImmutablePolygonExtensions.RepairIndex(Aardvark.Base.Polygon2d,System.Int32)">
            <summary>
            Maps arbitrary index into valid range.
            </summary>
        </member>
        <member name="M:Aardvark.Base.IImmutablePolygonExtensions.RepairIndex(Aardvark.Base.Polygon3d,System.Int32)">
            <summary>
            Maps arbitrary index into valid range.
            </summary>
        </member>
        <member name="M:Aardvark.Base.IImmutablePolygonExtensions.RepairIndex(System.Int32,System.Int32)">
            <summary>
            Maps index into range [0, count).
            </summary>
        </member>
        <member name="M:Aardvark.Base.IImmutablePolygonExtensions.AlignEdge(Aardvark.Base.IImmutablePolygon{Aardvark.Base.V2d},System.Int32)">
            <summary>
            Makes index-th edge parallel to x- or y-axis.
            </summary>
        </member>
        <member name="M:Aardvark.Base.IImmutablePolygonExtensions.ToCounterClockwise(Aardvark.Base.IImmutablePolygon{Aardvark.Base.V2d})">
            <summary>
            Ensures that the outline is oriented counter-clockwise.
            </summary>
        </member>
        <member name="M:Aardvark.Base.IImmutablePolygonExtensions.ToClockwise(Aardvark.Base.IImmutablePolygon{Aardvark.Base.V2d})">
            <summary>
            Ensures that the outline is oriented clockwise.
            </summary>
        </member>
        <member name="T:Aardvark.Base.ImmutablePolygon`1">
            <summary>
            An immutable polygon.
            </summary>
        </member>
        <member name="F:Aardvark.Base.ImmutablePolygon`1.Empty">
            <summary>
            The empty polygon (no points).
            </summary>
        </member>
        <member name="F:Aardvark.Base.ImmutablePolygon`1.m_ps">
            <summary>
            Vertices.
            </summary>
        </member>
        <member name="M:Aardvark.Base.ImmutablePolygon`1.#ctor(System.Collections.Generic.IEnumerable{`0})">
            <summary>
            Creates an immutable polygon from given outline.
            </summary>
        </member>
        <member name="M:Aardvark.Base.ImmutablePolygon`1.#ctor(System.Collections.Immutable.ImmutableList{`0})">
            <summary>
            Creates an immutable polygon from given outline.
            </summary>
        </member>
        <member name="M:Aardvark.Base.ImmutablePolygon`1.GetPoint(System.Int32)">
            <summary>
            Gets index-th point.
            Index will be wrapped around if not in range [0, count).
            </summary>
        </member>
        <member name="M:Aardvark.Base.ImmutablePolygon`1.ToString">
            <summary>
            Returns a string that represents the current object.
            </summary>
        </member>
        <member name="P:Aardvark.Base.ImmutablePolygon`1.Points">
            <summary>
            Polygon outline.
            </summary>
        </member>
        <member name="P:Aardvark.Base.ImmutablePolygon`1.Count">
            <summary>
            Gets number of vertices.
            </summary>
        </member>
        <member name="M:Aardvark.Base.ImmutablePolygon`1.AddPoint(`0)">
            <summary>
            Returns new polygon with point added. 
            </summary>
        </member>
        <member name="M:Aardvark.Base.ImmutablePolygon`1.AddPoints(System.Collections.Generic.IEnumerable{`0})">
            <summary>
            Returns new polygon with points added. 
            </summary>
        </member>
        <member name="M:Aardvark.Base.ImmutablePolygon`1.SetPoint(System.Int32,`0)">
            <summary>
            Returns new polygon with point replaced. 
            </summary>
        </member>
        <member name="M:Aardvark.Base.ImmutablePolygon`1.InsertPoint(System.Int32,`0)">
            <summary>
            Returns new polygon with point p inserted at given index. 
            </summary>
        </member>
        <member name="M:Aardvark.Base.ImmutablePolygon`1.RemovePoint(System.Int32)">
            <summary>
            Returns new polygon with point removed. 
            </summary>
        </member>
        <member name="M:Aardvark.Base.ImmutablePolygon`1.RemovePoints(System.Collections.Generic.IEnumerable{System.Int32})">
            <summary>
            Returns new polygon with points removed. 
            </summary>
        </member>
        <member name="M:Aardvark.Base.ImmutablePolygon`1.Transform``1(System.Func{`0,``0})">
            <summary>
            Returns new polygon with transformed points.
            </summary>
        </member>
        <member name="T:Aardvark.Base.Ndc2d">
            <summary>
            Position (x,y) in normalized device coordinates.
            The canonical view volume is defined as [(-1, -1, 0), (+1, +1, 1)].
            </summary>
        </member>
        <member name="F:Aardvark.Base.Ndc2d.Position">
            <summary>
            Normalized device coordinates.
            </summary>
        </member>
        <member name="M:Aardvark.Base.Ndc2d.#ctor(Aardvark.Base.V2d)">
            <summary>
            Position (xy) in normalized device coordinates.
            </summary>
        </member>
        <member name="M:Aardvark.Base.Ndc2d.#ctor(System.Double,System.Double)">
            <summary>
            Position (xy) in normalized device coordinates.
            </summary>
        </member>
        <member name="M:Aardvark.Base.Ndc2d.#ctor(Aardvark.Base.PixelPosition)">
            <summary>
            Position (xy) in normalized device coordinates.
            </summary>
        </member>
        <member name="T:Aardvark.Base.Ndc3d">
            <summary>
            Position (xyz) in normalized device coordinates.
            The canonical view volume is defined as [(-1, -1, 0), (+1, +1, 1)].
            </summary>
        </member>
        <member name="F:Aardvark.Base.Ndc3d.Position">
            <summary>
            Normalized device coordinates.
            </summary>
        </member>
        <member name="M:Aardvark.Base.Ndc3d.#ctor(Aardvark.Base.V3d)">
            <summary>
            Position (xyz) in normalized device coordinates.
            </summary>
        </member>
        <member name="M:Aardvark.Base.Ndc3d.#ctor(System.Double,System.Double,System.Double)">
            <summary>
            Position (xy) in normalized device coordinates.
            </summary>
        </member>
        <member name="T:Aardvark.Base.PixelPosition">
            <summary>
            An integral pixel position relative to specified bounds.
            The x-axis goes from left to right and y-axis from top to bottom.
            </summary>
        </member>
        <member name="F:Aardvark.Base.PixelPosition.Position">
            <summary>
            X goes from left to right and y from top to bottom.
            Integral pixel positions correspond to pixel centers.
            </summary>
        </member>
        <member name="F:Aardvark.Base.PixelPosition.Bounds">
            <summary>
            Minimum is top left pixel (inclusive) and maximum is bottom right pixel (exclusive).
            E.g. with bounds [(0, 0), (800, 600)] the top left pixel is (0,0) and the bottom
            right pixel is (799,599).
            </summary>
        </member>
        <member name="M:Aardvark.Base.PixelPosition.#ctor(Aardvark.Base.V2i,Aardvark.Base.Box2i)">
            <summary>
            Pixel position relative to specified bounds.
            For example, a typical render window has bounds [(0, 0), (width, height)].
            </summary>
        </member>
        <member name="M:Aardvark.Base.PixelPosition.#ctor(Aardvark.Base.V2i,System.Int32,System.Int32)">
            <summary>
            Pixel position relative to specified bounds.
            For example, a typical render window has bounds [(0, 0), (width, height)].
            </summary>
        </member>
        <member name="M:Aardvark.Base.PixelPosition.#ctor(System.Int32,System.Int32,System.Int32,System.Int32)">
            <summary>
            Pixel position relative to specified bounds.
            For example, a typical render window has bounds [(0, 0), (width, height)].
            </summary>
        </member>
        <member name="M:Aardvark.Base.PixelPosition.#ctor(Aardvark.Base.Ndc2d,Aardvark.Base.V2i)">
            <summary>
            PixelPosition from normalized device coordinates.
            </summary>
        </member>
        <member name="M:Aardvark.Base.PixelPosition.#ctor(Aardvark.Base.Ndc3d,Aardvark.Base.V2i)">
            <summary>
            PixelPosition from normalized device coordinates.
            </summary>
        </member>
        <member name="P:Aardvark.Base.PixelPosition.NormalizedPosition">
            <summary>
            Maps integral pixel position to range ](0,0), (1,1)[,
            where integral pixel positions correspond to pixel centers.
            E.g. all pixel mappings for Bounds [(0,0), (3,2)] are as follows:
            (0,0) -> (0.17, 0.25)
            (1,0) -> (0.50, 0.25)
            (2,0) -> (0.83, 0.25)
            (0,1) -> (0.17, 0.75)
            (0,2) -> (0.50, 0.75)
            (0,3) -> (0.83, 0.75)
            </summary>
        </member>
        <member name="T:Aardvark.Base.Awaitable">
            <summary>
            Represents an awaitable with clear-push semantics. 
            Since Task/TaskCompletionSource are likely to spawn new threads 
            and execute the respective continuations on haphazardous threads 
            we implemeted our own awaitable executing all continuations on 
            the thread which they were triggered on.
            </summary>
        </member>
        <member name="M:Aardvark.Base.Awaitable.#ctor(System.Nullable{System.Threading.CancellationToken})">
            <summary>
            </summary>
        </member>
        <member name="P:Aardvark.Base.Awaitable.IsCompleted">
            <summary>
            </summary>
        </member>
        <member name="M:Aardvark.Base.Awaitable.Emit">
            <summary>
            </summary>
        </member>
        <member name="M:Aardvark.Base.Awaitable.Emit(System.Reactive.Unit)">
            <summary>
            </summary>
        </member>
        <member name="M:Aardvark.Base.Awaitable.Subscribe(System.Action)">
            <summary>
            </summary>
        </member>
        <member name="M:Aardvark.Base.Awaitable.GetAwaiter">
            <summary>
            </summary>
        </member>
        <member name="T:Aardvark.Base.Awaitable`1">
            <summary>
            Represents an awaitable with clear-push semantics. 
            Since Task/TaskCompletionSource are likely to spawn new threads 
            and execute the respective continuations on haphazardous threads 
            we implemeted our own awaitable executing all continuations on 
            the thread which they were triggered on.
            </summary>
        </member>
        <member name="M:Aardvark.Base.Awaitable`1.#ctor(System.Nullable{System.Threading.CancellationToken})">
            <summary>
            </summary>
        </member>
        <member name="P:Aardvark.Base.Awaitable`1.IsCompleted">
            <summary>
            </summary>
        </member>
        <member name="P:Aardvark.Base.Awaitable`1.Result">
            <summary>
            </summary>
        </member>
        <member name="M:Aardvark.Base.Awaitable`1.Emit(`0)">
            <summary>
            </summary>
        </member>
        <member name="M:Aardvark.Base.Awaitable`1.Subscribe(System.Action)">
            <summary>
            </summary>
        </member>
        <member name="M:Aardvark.Base.Awaitable`1.Subscribe(System.Action{`0})">
            <summary>
            </summary>
        </member>
        <member name="M:Aardvark.Base.Awaitable`1.GetAwaiter">
            <summary>
            </summary>
        </member>
        <member name="M:Aardvark.Base.Awaitable`1.Emit">
            <summary>
            </summary>
        </member>
        <member name="T:Aardvark.Base.Await">
            <summary>
            Contains various combinators for Awaitables (e.g. WhenAny, WhenAll, WithCancellation) since the Task-combinators cannot be used for Awaitables.
            </summary>
        </member>
        <member name="F:Aardvark.Base.Await.GlobalClock">
            <summary>
            </summary>
        </member>
        <member name="M:Aardvark.Base.Await.WithCancellation``1(Aardvark.Base.IAwaitable{``0},System.Threading.CancellationToken)">
            <summary>
            Creates a task that completes (or cancels) when either the input task completes or the cancellation token is signalled.
            On cancellation, the original task still runs to completion because there is no way to preemptively cancel it.
            </summary>
        </member>
        <member name="M:Aardvark.Base.Await.WithCancellation(Aardvark.Base.IAwaitable,System.Threading.CancellationToken)">
            <summary>
            Creates a task that completes (or cancels) when either the input task completes or the cancellation token is signalled.
            On cancellation, the original task still runs to completion because there is no way to preemptively cancel it.
            </summary>
        </member>
        <member name="M:Aardvark.Base.Await.WhenAny(Aardvark.Base.IAwaitable[])">
            <summary>
            Creates a task that will complete when any of the supplied tasks have completed.
            </summary>
        </member>
        <member name="M:Aardvark.Base.Await.WhenAny``1(Aardvark.Base.IAwaitable{``0}[])">
            <summary>
            Creates a task that will complete when any of the supplied tasks have completed.
            </summary>
        </member>
        <member name="M:Aardvark.Base.Await.WhenAll``1(Aardvark.Base.IAwaitable{``0}[])">
            <summary>
            Creates a task that will complete when all of the supplied tasks have completed.
            </summary>
        </member>
        <member name="M:Aardvark.Base.Await.WhenAll(Aardvark.Base.IAwaitable[])">
            <summary>
            Creates a task that will complete when all of the supplied tasks have completed.
            </summary>
        </member>
        <member name="M:Aardvark.Base.Await.Select``2(Aardvark.Base.IAwaitable{``0},System.Func{``0,``1})">
            <summary>
            Projects the result of the task into a new form.
            </summary>
        </member>
        <member name="M:Aardvark.Base.Await.Select``1(Aardvark.Base.IAwaitable,System.Func{``0})">
            <summary>
            Projects the result of the task into a new form.
            </summary>
        </member>
        <member name="M:Aardvark.Base.Await.ContinueWith``2(Aardvark.Base.IAwaitable{``0},System.Func{``0,``1})">
            <summary>
            Creates a continuation that executes when the target task completes.
            </summary>
        </member>
        <member name="M:Aardvark.Base.Await.ContinueWith``1(Aardvark.Base.IAwaitable{``0},System.Action{``0})">
            <summary>
            Creates a continuation that executes when the target task completes.
            </summary>
        </member>
        <member name="M:Aardvark.Base.Await.ContinueWith``1(Aardvark.Base.IAwaitable,System.Func{``0})">
            <summary>
            Creates a continuation that executes when the target task completes.
            </summary>
        </member>
        <member name="M:Aardvark.Base.Await.ContinueWith``1(Aardvark.Base.IAwaitable,System.Action)">
            <summary>
            Creates a continuation that executes when the target task completes.
            </summary>
        </member>
        <member name="M:Aardvark.Base.Await.Delay(System.UInt32,System.Threading.CancellationToken)">
            <summary>
            Creates a task that will complete after a time delay.
            </summary>
        </member>
        <member name="M:Aardvark.Base.Await.Delay(System.UInt32)">
            <summary>
            Creates a task that will complete after a time delay.
            </summary>
        </member>
        <member name="M:Aardvark.Base.Await.Delay(System.TimeSpan,System.Threading.CancellationToken)">
            <summary>
            Creates a task that will complete after a time delay.
            </summary>
        </member>
        <member name="M:Aardvark.Base.Await.Delay(System.TimeSpan)">
            <summary>
            Creates a task that will complete after a time delay.
            </summary>
        </member>
        <member name="P:Aardvark.Base.Await.Tick">
            <summary>
            Creates a task that will complete after the shortest possible time delay.
            </summary>
        </member>
        <member name="T:Aardvark.Base.AwaitableTest">
            <summary>
            </summary>
        </member>
        <member name="M:Aardvark.Base.AwaitableTest.Run">
            <summary>
            </summary>
        </member>
        <member name="T:Aardvark.Base.TaskAwaiter`1">
            <summary>
            </summary>
        </member>
        <member name="M:Aardvark.Base.TaskAwaiter`1.#ctor(System.Runtime.CompilerServices.TaskAwaiter{`0})">
            <summary>
            </summary>
        </member>
        <member name="M:Aardvark.Base.TaskAwaiter`1.OnCompleted(System.Action)">
            <summary>
            </summary>
        </member>
        <member name="P:Aardvark.Base.TaskAwaiter`1.IsCompleted">
            <summary>
            </summary>
        </member>
        <member name="M:Aardvark.Base.TaskAwaiter`1.GetResult">
            <summary>
            </summary>
        </member>
        <member name="M:Aardvark.Base.TaskAwaiter`1.Aardvark#Base#IAwaiter#GetResult">
            <summary>
            </summary>
        </member>
        <member name="T:Aardvark.Base.TaskAwaiter">
            <summary>
            </summary>
        </member>
        <member name="M:Aardvark.Base.TaskAwaiter.#ctor(System.Runtime.CompilerServices.TaskAwaiter)">
            <summary>
            </summary>
        </member>
        <member name="M:Aardvark.Base.TaskAwaiter.OnCompleted(System.Action)">
            <summary>
            </summary>
        </member>
        <member name="P:Aardvark.Base.TaskAwaiter.IsCompleted">
            <summary>
            </summary>
        </member>
        <member name="T:Aardvark.Base.TaskAwaitable`1">
            <summary>
            </summary>
        </member>
        <member name="M:Aardvark.Base.TaskAwaitable`1.#ctor(System.Threading.Tasks.Task{`0})">
            <summary>
            </summary>
        </member>
        <member name="M:Aardvark.Base.TaskAwaitable`1.GetAwaiter">
            <summary>
            </summary>
        </member>
        <member name="P:Aardvark.Base.TaskAwaitable`1.Result">
            <summary>
            </summary>
        </member>
        <member name="M:Aardvark.Base.TaskAwaitable`1.Aardvark#Base#IAwaitable#GetAwaiter">
            <summary>
            </summary>
        </member>
        <member name="P:Aardvark.Base.TaskAwaitable`1.IsCompleted">
            <summary>
            </summary>
        </member>
        <member name="T:Aardvark.Base.TaskAwaitable">
            <summary>
            </summary>
        </member>
        <member name="M:Aardvark.Base.TaskAwaitable.#ctor(System.Threading.Tasks.Task)">
            <summary>
            </summary>
        </member>
        <member name="M:Aardvark.Base.TaskAwaitable.GetAwaiter">
            <summary>
            </summary>
        </member>
        <member name="T:Aardvark.Base.TaskAwaitableExtensions">
            <summary>
            </summary>
        </member>
        <member name="M:Aardvark.Base.TaskAwaitableExtensions.AsAwaitable(System.Threading.Tasks.Task)">
            <summary>
            </summary>
        </member>
        <member name="M:Aardvark.Base.TaskAwaitableExtensions.AsAwaitable``1(System.Threading.Tasks.Task{``0})">
            <summary>
            </summary>
        </member>
        <member name="T:Aardvark.Base.Clock">
            <summary>
            </summary>
        </member>
        <member name="M:Aardvark.Base.Clock.#ctor(System.Int32)">
            <summary>
            </summary>
        </member>
        <member name="P:Aardvark.Base.Clock.MaximalFrequency">
            <summary>
            </summary>
        </member>
        <member name="P:Aardvark.Base.Clock.MinimalUpdateTime">
            <summary>
            </summary>
        </member>
        <member name="M:Aardvark.Base.Clock.GetTimeSpanForContinuation(System.Action,System.DateTime@)">
            <summary>
            </summary>
        </member>
        <member name="M:Aardvark.Base.Clock.Enqueue(System.Action)">
            <summary>
            </summary>
        </member>
        <member name="M:Aardvark.Base.Clock.Dispose">
            <summary>
            </summary>
        </member>
        <member name="T:Aardvark.Base.ClockExtensions">
            <summary>
            </summary>
        </member>
        <member name="F:Aardvark.Base.ClockExtensions.SanityThreshold">
            <summary>
            </summary>
        </member>
        <member name="M:Aardvark.Base.ClockExtensions.Future(Aardvark.Base.Clock,System.Int32)">
            <summary>
            Awaits a time being approximately "timeout" milliseconds in the future.
            If timeout is zero the maximal clock frequency limits the execution.
            </summary>
        </member>
        <member name="M:Aardvark.Base.ClockExtensions.Tick(Aardvark.Base.Clock)">
            <summary>
            </summary>
        </member>
        <member name="M:Aardvark.Base.ClockExtensions.TickEvent(Aardvark.Base.Clock)">
            <summary>
            </summary>
        </member>
        <member name="T:Aardvark.Base.IDisposableExtensions">
            <summary>
            </summary>
        </member>
        <member name="M:Aardvark.Base.IDisposableExtensions.TryDispose(System.IDisposable)">
            <summary>
            Calls Dispose() and returns true if not null,
            returns false otherwise.
            </summary>
        </member>
        <member name="M:Aardvark.Base.IDisposableExtensions.TryDispose(System.Object)">
            <summary>
            Checks if the objects impelemtns the IDisposable interface,
            performs Dispose() in case and returns true, otherwise false.
            </summary>
        </member>
        <member name="M:Aardvark.Base.IDisposableExtensions.DisposeAll(System.Collections.Generic.IEnumerable{System.IDisposable})">
            <summary>
            Disposes a sequence of IDisposables.
            </summary>
        </member>
        <member name="M:Aardvark.Base.IDisposableExtensions.TryDisposeAll(System.Collections.Generic.IEnumerable{System.IDisposable})">
            <summary>
            Disposes all valid disposables of a sequence.
            </summary>
        </member>
        <member name="M:Aardvark.Base.IDisposableExtensions.DisposeAllAndClear(System.Collections.Generic.ICollection{System.IDisposable})">
            <summary>
            Disposes all disposables in a collections and clears the collection;
            </summary>
        </member>
        <member name="M:Aardvark.Base.IDisposableExtensions.AddTo(System.IDisposable,System.Reactive.Disposables.CompositeDisposable)">
            <summary>
            Adds this disposable to CompositeDisposable.
            </summary>
        </member>
        <member name="T:Aardvark.Base.Try">
            <summary>
            </summary>
        </member>
        <member name="M:Aardvark.Base.Try.Dispose``1(``0@)">
            <summary>
            Disposes the Disposable if not null and sets its reference to null.
            NOTE: needs to be generic since refs somehow do not work with interfaces.
            </summary>
        </member>
        <member name="T:Aardvark.Base.EventSource">
            <summary>
            </summary>
        </member>
        <member name="F:Aardvark.Base.EventSource.UnitEventType">
            <summary>
            The type used for the Values property in non-generic event sources.
            </summary>
        </member>
        <member name="M:Aardvark.Base.EventSource.Create``1(``0)">
            <summary>
            Creates new EventSource with given initial value.
            </summary>
        </member>
        <member name="M:Aardvark.Base.EventSource.Create``2(``0,``1)">
            <summary>
            Creates new EventSource with tuple of given initial values.
            </summary>
        </member>
        <member name="M:Aardvark.Base.EventSource.Create``3(``0,``1,``2)">
            <summary>
            Creates new EventSource with tuple of given initial values.
            </summary>
        </member>
        <member name="M:Aardvark.Base.EventSource.Create``4(``0,``1,``2,``3)">
            <summary>
            Creates new EventSource with tuple of given initial values.
            </summary>
        </member>
        <member name="M:Aardvark.Base.EventSource.Create``5(``0,``1,``2,``3,``4)">
            <summary>
            Creates new EventSource with tuple of given initial values.
            </summary>
        </member>
        <member name="T:Aardvark.Base.EventSource`1">
            <summary>
            </summary>
        </member>
        <member name="M:Aardvark.Base.EventSource`1.#ctor">
            <summary>
            Creates an EventSource with default initial value.
            </summary>
        </member>
        <member name="M:Aardvark.Base.EventSource`1.#ctor(`0)">
            <summary>
            Creates a new EventSource with specified initial value.
            </summary>
        </member>
        <member name="M:Aardvark.Base.EventSource`1.#ctor(System.IObservable{`0})">
            <summary>
            Wraps an observable as an event source.
            </summary>
        </member>
        <member name="M:Aardvark.Base.EventSource`1.#ctor(`0,System.IObservable{`0})">
            <summary>
            Wraps an observable as an event source and sets its initial value.
            </summary>
        </member>
        <member name="P:Aardvark.Base.EventSource`1.Latest">
            <summary>
            Gets latest value emitted by this event source,
            or default(T) if no value has been emitted so far.
            Do not set this value! Unless you have multiple
            related event sources you want to 'update'
            simultanously. In this case first set Latest for
            all related event sources to their respective new
            value, and then Emit the same values. A subscriber
            of such an event source which accesses the Latest
            property of a related event source then sees the
            correct value (independent of emit order).
            </summary>
        </member>
        <member name="P:Aardvark.Base.EventSource`1.Next">
            <summary>
            Gets next value that will be emitted by this event source.
            </summary>
        </member>
        <member name="P:Aardvark.Base.EventSource`1.Values">
            <summary>
            Gets observable stream of values emitted by this event source.
            </summary>
        </member>
        <member name="M:Aardvark.Base.EventSource`1.Emit(`0)">
            <summary>
            Emits given value from this event source.
            </summary>
        </member>
        <member name="P:Aardvark.Base.EventSource`1.Aardvark#Base#IEvent#Values">
            <summary>
            Observable notifications for all values that are emitted.
            </summary>
        </member>
        <member name="M:Aardvark.Base.EventSource`1.Emit">
            <summary>
            Emits default T.
            </summary>
        </member>
        <member name="T:Aardvark.Base.EventSourceExtensions">
            <summary>
            </summary>
        </member>
        <member name="M:Aardvark.Base.EventSourceExtensions.ToEventSource``1(System.IObservable{``0})">
            <summary>
            Wraps an observable as an event source.
            </summary>
        </member>
        <member name="M:Aardvark.Base.EventSourceExtensions.ExecuteOnNextValue``1(Aardvark.Base.IEvent{``0},System.Action{``0})">
            <summary>
            Executes action when next value arrives.
            </summary>
        </member>
        <member name="M:Aardvark.Base.EventSourceExtensions.ExecuteOnNextValue``1(Aardvark.Base.IEvent{``0},System.Action)">
            <summary>
            Executes action when next value arrives.
            </summary>
        </member>
        <member name="M:Aardvark.Base.EventSourceExtensions.RepeatUntilNext``1(Aardvark.Base.IEvent{``0},System.Func{System.Threading.Tasks.Task},System.Func{``0,System.Threading.Tasks.Task})">
            <summary>
            Repeats given action until the next value of this event source arrives.
            The optional final action gets called with this newly arrived value. 
            </summary>
        </member>
        <member name="M:Aardvark.Base.EventSourceExtensions.RepeatUntilNext``1(System.Threading.Tasks.Task{``0},System.Func{System.Threading.Tasks.Task},System.Func{``0,System.Threading.Tasks.Task})">
            <summary>
            Repeats given action until the task completes.
            The optional final action gets called with the task's result. 
            </summary>
        </member>
        <member name="M:Aardvark.Base.EventSourceExtensions.RepeatUntilNext``1(Aardvark.Base.IEvent{``0},System.Func{System.Threading.Tasks.Task},System.Action{``0})">
            <summary>
            Repeats given action until the next value of this event source arrives.
            The optional final action gets called with this newly arrived value. 
            </summary>
        </member>
        <member name="M:Aardvark.Base.EventSourceExtensions.RepeatUntilNext``1(System.Threading.Tasks.Task{``0},System.Func{System.Threading.Tasks.Task},System.Action{``0})">
            <summary>
            Repeats given action until the task completes.
            The optional final action gets called with the task's result. 
            </summary>
        </member>
        <member name="M:Aardvark.Base.EventSourceExtensions.RepeatUntilCompleted``1(Aardvark.Base.IAwaitable{``0},System.Func{System.Threading.Tasks.Task},System.Func{``0,System.Threading.Tasks.Task})">
            <summary>
            Repeats given action until the given task/awaitable completes.
            The optional final action gets called with the task's result. 
            </summary>
        </member>
        <member name="M:Aardvark.Base.EventSourceExtensions.RepeatUntilCompleted``1(System.Threading.Tasks.Task{``0},System.Func{System.Threading.Tasks.Task},System.Func{``0,System.Threading.Tasks.Task})">
            <summary>
            Repeats given action until the given task completes.
            The optional final action gets called with the task's result. 
            </summary>
        </member>
        <member name="M:Aardvark.Base.EventSourceExtensions.RepeatUntilCompleted``1(Aardvark.Base.IAwaitable{``0},System.Func{System.Threading.Tasks.Task},System.Action{``0})">
            <summary>
            Repeats given action until the given task/awaitable completes.
            The optional final action gets called with the task's result. 
            </summary>
        </member>
        <member name="M:Aardvark.Base.EventSourceExtensions.RepeatUntilCompleted``1(System.Threading.Tasks.Task{``0},System.Func{System.Threading.Tasks.Task},System.Action{``0})">
            <summary>
            Repeats given action until the given task completes.
            The optional final action gets called with the task's result. 
            </summary>
        </member>
        <member name="M:Aardvark.Base.EventSourceExtensions.RepeatUntilCompleted(Aardvark.Base.IAwaitable,System.Func{System.Threading.Tasks.Task},System.Func{System.Threading.Tasks.Task})">
            <summary>
            Repeats given action until the given task/awaitable completes.
            </summary>
        </member>
        <member name="M:Aardvark.Base.EventSourceExtensions.RepeatUntilCompleted(System.Threading.Tasks.Task,System.Func{System.Threading.Tasks.Task},System.Func{System.Threading.Tasks.Task})">
            <summary>
            Repeats given action until the given task completes.
            </summary>
        </member>
        <member name="M:Aardvark.Base.EventSourceExtensions.RepeatUntilCompleted(Aardvark.Base.IAwaitable,System.Func{System.Threading.Tasks.Task},System.Action)">
            <summary>
            Repeats given action until the given task/awaitable completes.
            </summary>
        </member>
        <member name="M:Aardvark.Base.EventSourceExtensions.RepeatUntilCompleted(System.Threading.Tasks.Task,System.Func{System.Threading.Tasks.Task},System.Action)">
            <summary>
            Repeats given action until the given task completes.
            </summary>
        </member>
        <member name="T:Aardvark.Base.IEvent`1">
            <summary>
            The receiving side of an event source.
            </summary>
        </member>
        <member name="P:Aardvark.Base.IEvent`1.Latest">
            <summary>
            The latest value that has been emitted.
            This will return default(T) if no value has been emitted yet. 
            </summary>
        </member>
        <member name="P:Aardvark.Base.IEvent`1.Next">
            <summary>
            The next value that will be emitted.
            </summary>
        </member>
        <member name="P:Aardvark.Base.IEvent`1.Values">
            <summary>
            Observable sequence of emitted values.
            </summary>
        </member>
        <member name="T:Aardvark.Base.IEventEmitter`1">
            <summary>
            The sending side of an event source.
            </summary>
        </member>
        <member name="M:Aardvark.Base.IEventEmitter`1.Emit(`0)">
            <summary>
            Pushes next event value.
            </summary>
        </member>
        <member name="T:Aardvark.Base.IEvent">
            <summary>
            The receiving side of an event source.
            </summary>
        </member>
        <member name="P:Aardvark.Base.IEvent.Next">
            <summary>
            The next value that will be emitted.
            </summary>
        </member>
        <member name="P:Aardvark.Base.IEvent.Values">
            <summary>
            Observable notifications for all values that are emitted.
            </summary>
        </member>
        <member name="T:Aardvark.Base.IEventEmitter">
            <summary>
            The sending side of an event source.
            </summary>
        </member>
        <member name="M:Aardvark.Base.IEventEmitter.Emit">
            <summary>
            Pushes next event.
            </summary>
        </member>
        <member name="T:Aardvark.Base.ConstEventSource">
            <summary>
            </summary>
        </member>
        <member name="M:Aardvark.Base.ConstEventSource.Create``1(``0)">
            <summary>
            Creates new ConstEventSource with given value.
            </summary>
        </member>
        <member name="M:Aardvark.Base.ConstEventSource.Create``2(``0,``1)">
            <summary>
            Creates new ConstEventSource with tuple of given values.
            </summary>
        </member>
        <member name="M:Aardvark.Base.ConstEventSource.Create``3(``0,``1,``2)">
            <summary>
            Creates new ConstEventSource with tuple of given values.
            </summary>
        </member>
        <member name="M:Aardvark.Base.ConstEventSource.Create``4(``0,``1,``2,``3)">
            <summary>
            Creates new ConstEventSource with tuple of given values.
            </summary>
        </member>
        <member name="M:Aardvark.Base.ConstEventSource.Create``5(``0,``1,``2,``3,``4)">
            <summary>
            Creates new ConstEventSource with tuple of given values.
            </summary>
        </member>
        <member name="T:Aardvark.Base.ConstEventSource`1">
            <summary>
            A ConstEventSource has its initial value and will never emit new values.
            </summary>
        </member>
        <member name="M:Aardvark.Base.ConstEventSource`1.#ctor(`0)">
            <summary>
            </summary>
        </member>
        <member name="P:Aardvark.Base.ConstEventSource`1.Latest">
            <summary>
            </summary>
        </member>
        <member name="P:Aardvark.Base.ConstEventSource`1.Next">
            <summary>
            </summary>
        </member>
        <member name="P:Aardvark.Base.ConstEventSource`1.Values">
            <summary>
            </summary>
        </member>
        <member name="T:Aardvark.Base.FilteredEventSource`1">
            <summary>
            </summary>
        </member>
        <member name="M:Aardvark.Base.FilteredEventSource`1.#ctor(System.Func{`0,System.Boolean})">
            <summary>
            </summary>
        </member>
        <member name="M:Aardvark.Base.FilteredEventSource`1.Emit(`0)">
            <summary>
            </summary>
        </member>
        <member name="T:Aardvark.Base.IAwaitable">
            <summary>
            Represents the required interface for using the async/await syntax.
            every class implementing IAwaitable can be 'awaited' like tasks
            for an awaitable returning a value see IAwaitable[T].
            </summary>
        </member>
        <member name="M:Aardvark.Base.IAwaitable.GetAwaiter">
            <summary>
            </summary>
        </member>
        <member name="P:Aardvark.Base.IAwaitable.IsCompleted">
            <summary>
            </summary>
        </member>
        <member name="T:Aardvark.Base.IAwaiter">
            <summary>
            </summary>
        </member>
        <member name="P:Aardvark.Base.IAwaiter.IsCompleted">
            <summary>
            When IsCompleted returns true the the awaiting code will simply keep running without subscribing itself
            </summary>
        </member>
        <member name="M:Aardvark.Base.IAwaiter.GetResult">
            <summary>
            GetResult is always the first function called in the continuation (even for void) 
            and is therefore the only point where one can throw exceptions which will occur in user-code
            </summary>
        </member>
        <member name="T:Aardvark.Base.IAwaitable`1">
            <summary>
            represents the required interface for using the async/await syntax
            every class implementing IAwaitable can be 'awaited' like tasks
            for an awaitable returning no value see IAwaitable
            </summary>
        </member>
        <member name="M:Aardvark.Base.IAwaitable`1.GetAwaiter">
            <summary>
            </summary>
        </member>
        <member name="P:Aardvark.Base.IAwaitable`1.Result">
            <summary>
            </summary>
        </member>
        <member name="T:Aardvark.Base.IAwaiter`1">
            <summary>
            </summary>
        </member>
        <member name="M:Aardvark.Base.IAwaiter`1.GetResult">
            <summary>
            GetResult is always the first function called in the continuation (even for void) 
            and is therefore the only point where one can throw exceptions which will occur in user-code
            </summary>
        </member>
        <member name="T:Aardvark.Base.IAwaitableExtensions">
            <summary>
            </summary>
        </member>
        <member name="M:Aardvark.Base.IAwaitableExtensions.Subscribe``1(Aardvark.Base.IAwaitable{``0},System.Action{``0})">
            <summary>
            </summary>
        </member>
        <member name="M:Aardvark.Base.IAwaitableExtensions.Subscribe(Aardvark.Base.IAwaitable,System.Action)">
            <summary>
            </summary>
        </member>
        <member name="T:Aardvark.Base.TimeValue">
            <summary>
            </summary>
        </member>
        <member name="F:Aardvark.Base.TimeValue.T">
            <summary>
            </summary>
        </member>
        <member name="F:Aardvark.Base.TimeValue.Delta">
            <summary>
            </summary>
        </member>
        <member name="M:Aardvark.Base.TimeValue.#ctor(System.DateTime,System.Double)">
            <summary>
            </summary>
        </member>
        <member name="P:Aardvark.Base.TimeValue.Now">
            <summary>
            </summary>
        </member>
        <member name="T:Aardvark.Base.TaskWithCancellationExtensions">
            <summary>
            Implementation based on
            http://blogs.msdn.com/b/dotnet/archive/2013/04/04/net-memory-allocation-profiling-with-visual-studio-2012.aspx
            http://blogs.msdn.com/b/pfxteam/archive/2012/10/05/how-do-i-cancel-non-cancelable-async-operations.aspx
            </summary>
        </member>
        <member name="M:Aardvark.Base.TaskWithCancellationExtensions.WithCancellation``1(System.Threading.Tasks.Task{``0},System.Threading.CancellationToken)">
            <summary>
            Creates a task that completes (or cancels) when either the input task completes or the cancellation token is signalled.
            On cancellation, the original task still runs to completion because there is no way to preemptively cancel it.
            </summary>
        </member>
        <member name="M:Aardvark.Base.TaskWithCancellationExtensions.WithCancellation``1(System.Threading.Tasks.Task{``0},System.Nullable{System.Threading.CancellationToken})">
            <summary>
            Creates a task that completes (or cancels) when either the input task completes or the cancellation token is signalled.
            On cancellation, the original task still runs to completion because there is no way to preemptively cancel it.
            </summary>
        </member>
    </members>
</doc>
