<?xml version="1.0" encoding="utf-8"?>
<doc>
<assembly><name>FShade</name></assembly>
<members>
<member name="M:FShade.ReflectionHelpers.|SamplerType|_|(System.Type)">
 <summary>
 determines whether a given type is a Sampler and returns its properties if successful.
 The properties are given by SamplerType(dim, isArray, isShadow, isMS, valueType)
 </summary>
</member>
<member name="M:FShade.SamplerCodeGen.indent(System.Int32,System.String)">
 <summary>
 indents a string with the given level-count. uses 4 spaces per level.
 </summary>
</member>
</members>
</doc>
