<?xml version="1.0" encoding="utf-8"?>
<doc>
<assembly><name>FSharp.Quotations.Evaluator</name></assembly>
<members>
<member name="M:FSharp.Quotations.Evaluator.QuotationEvaluator.ToLinqExpression(Microsoft.FSharp.Quotations.FSharpExpr)">
<summary>
 Convert the quotation expression to LINQ expression trees

 This operation will only succeed for a subset of quotation expressions.

 Exceptions: InvalidArgumentException will be raised if the input expression is
 not in the subset that can be converted to a LINQ expression tree
</summary>
</member>
<member name="M:FSharp.Quotations.Evaluator.QuotationEvaluator.EvaluateUntyped(Microsoft.FSharp.Quotations.FSharpExpr)">
<summary>
 Compile the quotation expression by first converting to LINQ expression trees

 Exceptions: InvalidArgumentException will be raised if the input expression is
 not in the subset that can be converted to a LINQ expression tree
</summary>
</member>
<member name="M:FSharp.Quotations.Evaluator.QuotationEvaluator.Evaluate``1(Microsoft.FSharp.Quotations.FSharpExpr{``0})">
<summary>
 Evaluate the quotation expression by first converting to LINQ expression trees

 Exceptions: InvalidArgumentException will be raised if the input expression is
 not in the subset that can be converted to a LINQ expression tree
</summary>
</member>
<member name="M:FSharp.Quotations.Evaluator.QuotationEvaluator.CompileUntyped(Microsoft.FSharp.Quotations.FSharpExpr)">
<summary>
 Compile the quotation expression by first converting to LINQ expression trees
 The expression is currently always compiled.

 Exceptions: InvalidArgumentException will be raised if the input expression is
 not in the subset that can be converted to a LINQ expression tree
</summary>
</member>
<member name="M:FSharp.Quotations.Evaluator.QuotationEvaluator.Compile``1(Microsoft.FSharp.Quotations.FSharpExpr{``0})">
<summary>
 Compile the quotation expression by first converting to LINQ expression trees
 The expression is currently always compiled.

 Exceptions: InvalidArgumentException will be raised if the input expression is
 not in the subset that can be converted to a LINQ expression tree
</summary>
</member>
<member name="M:FSharp.Quotations.Evaluator.ExtraHashCompare.GenericNotEqualIntrinsic``1(``0,``0)">
<summary>
 An intrinsic for compiling &lt;c&gt;&amp;lt;@ x &lt;&gt; y @&amp;gt;&lt;/c&gt; to expression trees
</summary>
</member>
<member name="T:FSharp.Quotations.Evaluator.HelperTypes">
<summary>
 A set of types used for implementing quotation conversions.
 These are public only because targets of Linq Lambda expressions require them to be so
</summary>
</member>
<member name="M:FSharp.Quotations.Evaluator.QuotationEvaluationExtensions.Expr.EvaluateUntyped(Microsoft.FSharp.Quotations.FSharpExpr)">
<summary>
 Evaluate the quotation expression by first converting to LINQ expression trees.
 The expression is currently always compiled.

 Exceptions: InvalidArgumentException will be raised if the input expression is
 not in the subset that can be converted to a LINQ expression tree
</summary>
</member>
<member name="M:FSharp.Quotations.Evaluator.QuotationEvaluationExtensions.Expr.CompileUntyped(Microsoft.FSharp.Quotations.FSharpExpr)">
<summary>
 Compile and evaluate the quotation expression by first converting to LINQ expression trees.

 Exceptions: InvalidArgumentException will be raised if the input expression is
 not in the subset that can be converted to a LINQ expression tree
</summary>
</member>
<member name="M:FSharp.Quotations.Evaluator.QuotationEvaluationExtensions.Expr`1.Evaluate``1(Microsoft.FSharp.Quotations.FSharpExpr{``0})">
<summary>
 Evaluate the quotation expression by first converting to LINQ expression trees.
 The expression is currently always compiled.

 Exceptions: InvalidArgumentException will be raised if the input expression is
 not in the subset that can be converted to a LINQ expression tree
</summary>
</member>
<member name="M:FSharp.Quotations.Evaluator.QuotationEvaluationExtensions.Expr`1.Compile``1(Microsoft.FSharp.Quotations.FSharpExpr{``0})">
<summary>
 Compile and evaluate the quotation expression by first converting to LINQ expression trees.
 The expression is currently always compiled.

 Exceptions: InvalidArgumentException will be raised if the input expression is
 not in the subset that can be converted to a LINQ expression tree
</summary>
</member>
<member name="M:FSharp.Quotations.Evaluator.QuotationEvaluationExtensions.Expr.ToLinqExpressionUntyped(Microsoft.FSharp.Quotations.FSharpExpr)">
<summary>
 Convert the quotation expression to a LINQ expression tree.

 Exceptions: InvalidArgumentException will be raised if the input expression is
 not in the subset that can be converted to a LINQ expression tree
</summary>
</member>
<member name="T:FSharp.Quotations.Evaluator.QuotationEvaluationExtensions">
<summary>
 This module provides Compile and Eval extension members
 for F# quotation values, implemented by translating to LINQ
 expression trees and using the LINQ dynamic compiler.
</summary>
</member>
<member name="M:FSharp.Quotations.Evaluator.QuotationEvaluationTypes.LinqExpressionHelper``1(``0)">
<summary>
 This function should not be called directly. 
</summary>
</member>
</members>
</doc>
