<?xml version="1.0" encoding="utf-8"?>
<doc>
<assembly><name>FShade.Compiler</name></assembly>
<members>
<member name="T:FShade.Compiler.Compiled`2">
 <summary>
 Compiled<'a 's> represents a state-monad where 'a is the resulting type
 and 's defines the state. It can furthermore produce Errors at any point.
 </summary>
</member>
<member name="T:FShade.Compiler.CompilerState`1">
 <summary>
 The CompilerState represents the internal state of the compilation process and can
 be modified using the "compile" computationexpression. There is also support for
 including a user-defined state of any type. These states are internally used by
 the compilation process and all stateful computations should be done using the compile-monad
 </summary>
</member>
<member name="T:FShade.Compiler.Field">
 <summary>
 Field holds a description of a field by its name, type and array-size. Furthermore
 the original member is optionally present.
 </summary>
</member>
<member name="T:FShade.Compiler.Function">
 <summary>
 Represents a function either being a Method or a user-defined function having
 a unique id, a list of parameters and a function-body
 </summary>
</member>
<member name="T:FShade.Compiler.ICompiler`1">
 <summary>
 ICompiler is the base-interface for all compilers. It contains several abstract members
 serving as "configuration" for the compiler. Please note that the generated language is
 assumed to be C-like and cannot be configured entirely free. The compilation process assumes
 that the language does not allow recursion or recursive types, does not allow dynamic allocation
 and has no direct support for function-pointers or closures. The current implementation also expects
 the target-language to allow forward declarations of functions.
 </summary>
</member>
<member name="T:FShade.Compiler.ParameterPassingStyle">
 <summary>
 Represents a parameter passing-style. In C-like languages parameters can normally
 be passed by value or by reference. Additionaly we want to support out-arguments here
 since most shader-APIs also make this distinction.
 </summary>
</member>
<member name="T:FShade.Compiler.CompilerFunctions">
 <summary>
 CompilerFunctions "lifts" all members provided by ICompiler to the 
 state-monad allowing them to be used by the compilation process without
 referencing a concrete compiler. (Note that the compiler itself is 
 part of the CompilerState - Type)
 </summary>
</member>
<member name="T:FShade.Compiler.CompilerMonad">
 <summary>
 Definition of the compile-monad and some utilities allowing to map/filter/fold
 sequences and lists using the compile-monad.
 </summary>
</member>
<member name="M:FShade.Compiler.ExpressionExtensions.Expr.tryEval.Static(Microsoft.FSharp.Quotations.FSharpExpr)">
 <summary>
 Tries to evaluate an expression and returns its value when possible.
 Note that this implementation may be incomplete.
 </summary>
</member>
<member name="M:FShade.Compiler.ExpressionExtensions.Expr.ForEach.Static(Microsoft.FSharp.Quotations.FSharpVar,Microsoft.FSharp.Quotations.FSharpExpr,Microsoft.FSharp.Quotations.FSharpExpr)">
 <summary>
 Creates a ForEach-Expression using the standard layout as used by F#-quotations
 </summary>
</member>
<member name="M:FShade.Compiler.ExpressionExtensions.Expr.ArrayAccess.Static(Microsoft.FSharp.Quotations.FSharpExpr,Microsoft.FSharp.Quotations.FSharpExpr)">
 <summary>
 Creates an array-indexing expression using the supplied arguments
 </summary>
</member>
<member name="M:FShade.Compiler.Expressions.compileExpression``1(System.Boolean,System.Boolean,Microsoft.FSharp.Quotations.FSharpExpr)">
 <summary>
 compileExpression is the main-tool for compilation and can translate any supported
 expression to code for the target-language. While doing that it also maintains the 
 appropriate CompilerState containing all the information needed to defined needed
 types / function / lambdas / etc.
 </summary>
</member>
<member name="M:FShade.Compiler.Expressions.compileValue``1(System.Type,System.Object)">
 <summary>
 compileValue translates a value having a given type.
 </summary>
</member>
<member name="M:FShade.Compiler.Methods.compileIntrinsicFunction``1(System.Reflection.MethodInfo)">
 <summary>
 compiles an intrinsic function-name when possible.
 when no intrinsic function-name could be found None is returned.
 </summary>
</member>
<member name="M:FShade.Compiler.Methods.asFunction``1(Microsoft.FSharp.Quotations.FSharpExpr)">
 <summary>
 wraps the given expression in a function, adds this function to the 'used' list and
 returns code calling this function. This can be used to encode statements inside expressions.
 For example F# allows things like 'let a = let b = 4 in b * b' but C/GLSL/HLSL don't because
 statements like 'let b = 4' cannot occur at expression-level. It is therefore useful to
 'outsource' those statements to a function. (e.g. int f() { int b = 4; return b * b } ... let a = f() ...
 Note: this is especially useful for loops/ifs/etc.
 </summary>
</member>
<member name="M:FShade.Compiler.Methods.compileCtorName``1(System.Type)">
 <summary>
 gets the compiled-name for a given constructor.
 </summary>
</member>
<member name="M:FShade.Compiler.Methods.getMethodName``1(System.Reflection.MethodBase)">
 <summary>
 gets the compiled-name for a given method.
 TODO: check for existence since the current naming-scheme may produce collisions.
 </summary>
</member>
<member name="M:FShade.Compiler.Methods.getFreeVars``1(Microsoft.FSharp.Quotations.FSharpExpr)">
 <summary>
 Gets all free variables for an expression and filters them using the 
 compiler-defined method FilterFunctionArguments for filtering.
 </summary>
</member>
<member name="M:FShade.Compiler.Methods.getDispatcherNameForType``1(System.Type)">
 <summary>
 gets the dispatcher-name for a given function-type.
 </summary>
</member>
<member name="M:FShade.Compiler.Names.getAllUnionFields(System.Type)">
 <summary>
 Gets all 'fields' contained in all the cases of a union-type
 </summary>
</member>
<member name="M:FShade.Compiler.Names.getCaseFields(Microsoft.FSharp.Reflection.UnionCaseInfo)">
 <summary>
 Gets all 'fields' contained in a union-case
 </summary>
</member>
<member name="M:FShade.Compiler.Names.getDispatcherName(System.String,System.String)">
 <summary>
 defines the names for anonymous-function dispatchers
 </summary>
</member>
<member name="M:FShade.Compiler.Names.saneTypeName(System.String)">
 <summary>
 gets a 'sane' type-name without certain characters
 </summary>
</member>
<member name="M:FShade.Compiler.Names.getSpecialFunctionName(System.Int32)">
 <summary>
 defines the names for anonymous functions.
 </summary>
</member>
<member name="M:FShade.Compiler.Names.getUnionField(System.String,System.Int32)">
 <summary>
 defines field-names for union-type fields.
 </summary>
</member>
<member name="M:FShade.Compiler.Names.getUnionCtorName(System.String,System.String)">
 <summary>
 defines constructor names for union cases.
 </summary>
</member>
<member name="M:FShade.Compiler.Names.getCtorName(System.String)">
 <summary>
 defines constructor names for compiled constructors
 </summary>
</member>
<member name="M:FShade.Compiler.Names.getTupleField(System.Int32)">
 <summary>
 defines tuple-field names.
 </summary>
</member>
<member name="T:FShade.Compiler.ReflectionExtensions.CustomProperty">
 <summary>
 CustomProperty is used to represent compiler-generated properties and is only
 sufficient for internal use by the compiler. Note that most calls to it will
 result in a ShaderReflectionException.
 </summary>
</member>
<member name="T:FShade.Compiler.ReflectionExtensions.CustomMethod">
 <summary>
 CustomMethod is used to capture properties of compiler-generated functions and is only
 sufficient for internal use by the compiler. Note that most calls to it will result in
 a ShaderReflectionException.
 </summary>
</member>
<member name="T:FShade.Compiler.ReflectionExtensions.CustomParameterInfo">
 <summary>
 CustomParameterInfo is used to represent custom parameters which do not exist in
 the reflected code and are used by compiler-generated functions.
 </summary>
</member>
<member name="M:FShade.Compiler.ReflectionExtensions.getMethodInfo(Microsoft.FSharp.Quotations.FSharpExpr)">
 <summary>
 extracts the top-most method-call from an expression.
 When no method-call is found the method will raise an exception
 </summary>
 <param name="e"></param>
</member>
<member name="T:FShade.Compiler.ReflectionExtensions.NoMethodCallException">
 <summary>
 NoMethodCallException is thrown whenever a method-call was expected but not found.
 </summary>
</member>
<member name="T:FShade.Compiler.ReflectionExtensions.ShaderReflectionException">
 <summary>
 ShaderReflectionException is thrown whenever internal structures produced by the
 compilation process are used by "real" code in a unsupported way.
 </summary>
</member>
<member name="T:FShade.Compiler.ReflectionExtensions">
 <summary>
 This module holds types representing custom methods/parameters and types.
 These are useful for creating functions/etc. which are only used during the 
 compilation/translation process in the compiler. Note that all those types
 will not provide meaningful implementations for direct use in .NET.
 Since special-cases would extremely pollute the compiler-code we decided to
 use .NET's internal structures for our purposes.
 </summary>
</member>
<member name="T:FShade.Compiler.ReflectionPatterns">
 <summary>
 Defines a number of active patterns for matching expressions. Includes some
 functionality missing in F#.
 </summary>
</member>
<member name="M:FShade.Compiler.Renaming.sequentialVariableNames``1(Microsoft.FSharp.Quotations.FSharpExpr)">
 <summary>
 F# supports variable-hinding and must therefore be translated for
 languages not supporting that. sequentialVariableNames applies sequential names
 to all colliding definitions by adding a numbered suffix.
 </summary>
</member>
<member name="M:FShade.Compiler.StateHelpers.emptyCompilerState``1(FShade.Compiler.ICompiler{``0})">
 <summary>
 the empty compiler-state for a given compiler. Note that InitialState
 is used internally to create a initial userState.
 </summary>
</member>
<member name="M:FShade.Compiler.StateHelpers.error``3(Microsoft.FSharp.Core.PrintfFormat{``0,Microsoft.FSharp.Core.Unit,System.String,FShade.Compiler.Compiled{``1,``2}})">
 <summary>
 Utility for "raising" an error inside a compile-expression
 </summary>
</member>
<member name="T:FShade.Compiler.StateModification">
 <summary>
 Contains various functions for reading/writing the compile-monad-state.
 </summary>
</member>
<member name="M:FShade.Compiler.Types.compileType``1(System.Type)">
 <summary>
 translates a type-name to the target language. Works by determining whether the
 type is intrinsic (according to the current ICompiler) and creates a default-name
 otherwise. Whenever the type is not instrinsic it is added to the CompilerState's 
 list of used types.
 </summary>
</member>
<member name="M:FShade.Utils.String.lineCount(System.String)">
 <summary>
 counts the lines in a string and returns the total count.
 </summary>
</member>
<member name="M:FShade.Utils.String.linePrefix(System.String,System.String)">
 <summary>
 indents a string with the given level-count. uses 4 spaces per level.
 </summary>
</member>
<member name="M:FShade.Utils.String.indent(System.Int32,System.String)">
 <summary>
 indents a string with the given level-count. uses 4 spaces per level.
 </summary>
</member>
</members>
</doc>
